gpu_uuid,precision,N,repetitions,median_ms,achieved_tflops,status,pct_theoretical_peak
GPU-41051861-72ca-e198-fd60-2bf89fd2a67b,FP32,1024,10,0.05934400111436844,36.187038414571084,ok,34.529616807796835
GPU-41051861-72ca-e198-fd60-2bf89fd2a67b,FP32,4096,10,2.011183977127075,68.33733513943763,ok,65.20738085824202
GPU-41051861-72ca-e198-fd60-2bf89fd2a67b,FP32,8192,10,16.665247917175293,65.97631389826715,ok,62.95449799452973
GPU-41051861-72ca-e198-fd60-2bf89fd2a67b,FP32,16384,10,134.25296020507812,65.51880128953229,ok,62.517940161767456
GPU-41051861-72ca-e198-fd60-2bf89fd2a67b,TF32,1024,10,0.11361600086092949,18.90124306195749,ok,18.035537272860203
GPU-41051861-72ca-e198-fd60-2bf89fd2a67b,TF32,4096,10,1.386240005493164,99.14513571054039,ok,94.60413712837823
GPU-41051861-72ca-e198-fd60-2bf89fd2a67b,TF32,8192,10,9.668464183807373,113.72143567718322,ok,108.51282030265574
GPU-41051861-72ca-e198-fd60-2bf89fd2a67b,TF32,16384,10,73.68194961547852,119.37921116517508,ok,113.9114610354724
GPU-41051861-72ca-e198-fd60-2bf89fd2a67b,FP16,1024,10,0.04225600138306618,50.82079651910912,ok,24.258136763297912
GPU-41051861-72ca-e198-fd60-2bf89fd2a67b,FP16,4096,10,0.6682719886302948,205.66319673775038,ok,98.1685903282818
GPU-41051861-72ca-e198-fd60-2bf89fd2a67b,FP16,8192,10,4.832767963409424,227.51177712250762,ok,108.59750697971724
GPU-41051861-72ca-e198-fd60-2bf89fd2a67b,FP16,16384,10,40.306528091430664,218.22998503505656,ok,104.16705729596971
GPU-41051861-72ca-e198-fd60-2bf89fd2a67b,BF16,1024,10,0.03622400015592575,59.28344850806602,ok,28.29758878666636
GPU-41051861-72ca-e198-fd60-2bf89fd2a67b,BF16,4096,10,0.6596640050411224,208.34690451759946,ok,99.44959642844843
GPU-41051861-72ca-e198-fd60-2bf89fd2a67b,BF16,8192,10,4.72275185585022,232.81164484939026,ok,111.1272767777519
GPU-41051861-72ca-e198-fd60-2bf89fd2a67b,BF16,16384,10,39.09804916381836,224.97524071732903,ok,107.38674974574178
