gpu_uuid,implementation,sequence_length,latency_ms,peak_memory_GiB,status
GPU-41051861-72ca-e198-fd60-2bf89fd2a67b,fused,512,0.10339199751615524,0.03155517578125,ok
GPU-41051861-72ca-e198-fd60-2bf89fd2a67b,fused,1024,0.07715199887752533,0.0318603515625,ok
GPU-41051861-72ca-e198-fd60-2bf89fd2a67b,fused,2048,0.11788800358772278,0.032470703125,ok
GPU-41051861-72ca-e198-fd60-2bf89fd2a67b,fused,4096,0.19631999731063843,0.03369140625,ok
GPU-41051861-72ca-e198-fd60-2bf89fd2a67b,fused,8192,0.38918399810791016,0.0361328125,ok
GPU-41051861-72ca-e198-fd60-2bf89fd2a67b,fused,16384,1.0413119792938232,0.041015625,ok
GPU-41051861-72ca-e198-fd60-2bf89fd2a67b,fused,24576,2.1289279460906982,0.0458984375,ok
GPU-41051861-72ca-e198-fd60-2bf89fd2a67b,fused,32768,3.5178879499435425,0.05078125,ok
GPU-41051861-72ca-e198-fd60-2bf89fd2a67b,fused,49152,6.540783882141113,0.060546875,ok
GPU-41051861-72ca-e198-fd60-2bf89fd2a67b,fused,65536,12.358208179473877,0.0703125,ok
GPU-41051861-72ca-e198-fd60-2bf89fd2a67b,fused,98304,25.074447631835938,0.08984375,ok
GPU-41051861-72ca-e198-fd60-2bf89fd2a67b,fused,131072,42.669504165649414,0.109375,ok
GPU-41051861-72ca-e198-fd60-2bf89fd2a67b,fused,196608,92.7669448852539,0.1484375,ok
GPU-41051861-72ca-e198-fd60-2bf89fd2a67b,fused,262144,161.92011260986328,0.1875,ok
GPU-41051861-72ca-e198-fd60-2bf89fd2a67b,naive,512,0.1356479972600937,0.03253173828125,ok
GPU-41051861-72ca-e198-fd60-2bf89fd2a67b,naive,1024,0.1456959992647171,0.0357666015625,ok
GPU-41051861-72ca-e198-fd60-2bf89fd2a67b,naive,2048,0.13494400680065155,0.048095703125,ok
GPU-41051861-72ca-e198-fd60-2bf89fd2a67b,naive,4096,0.12198399752378464,0.09619140625,ok
GPU-41051861-72ca-e198-fd60-2bf89fd2a67b,naive,8192,0.5720959901809692,0.2861328125,ok
GPU-41051861-72ca-e198-fd60-2bf89fd2a67b,naive,16384,2.222559928894043,1.041015625,ok
GPU-41051861-72ca-e198-fd60-2bf89fd2a67b,naive,24576,9.32649564743042,2.2958984375,ok
GPU-41051861-72ca-e198-fd60-2bf89fd2a67b,naive,32768,16.395119667053223,4.05078125,ok
GPU-41051861-72ca-e198-fd60-2bf89fd2a67b,naive,40960,25.793136596679688,6.3056640625,ok
GPU-41051861-72ca-e198-fd60-2bf89fd2a67b,naive,49152,19.4170560836792,9.060546875,ok
GPU-41051861-72ca-e198-fd60-2bf89fd2a67b,naive,57344,26.181936264038086,12.3154296875,ok
GPU-41051861-72ca-e198-fd60-2bf89fd2a67b,naive,65536,34.09054374694824,16.0703125,ok
GPU-41051861-72ca-e198-fd60-2bf89fd2a67b,naive,69632,38.659311294555664,18.13525390625,ok
GPU-41051861-72ca-e198-fd60-2bf89fd2a67b,naive,73728,43.28523254394531,20.3251953125,ok
GPU-41051861-72ca-e198-fd60-2bf89fd2a67b,naive,77824,48.192575454711914,22.64208984375,ok
GPU-41051861-72ca-e198-fd60-2bf89fd2a67b,naive,81920,53.39102554321289,25.080078125,ok
GPU-41051861-72ca-e198-fd60-2bf89fd2a67b,naive,86016,59.101951599121094,27.64501953125,ok
GPU-41051861-72ca-e198-fd60-2bf89fd2a67b,naive,90112,65.37804794311523,30.33984375,ok
GPU-41051861-72ca-e198-fd60-2bf89fd2a67b,naive,92160,362.3485107421875,31.73046875,ok
GPU-41051861-72ca-e198-fd60-2bf89fd2a67b,naive,93184,499.8619842529297,32.4375,ok
GPU-41051861-72ca-e198-fd60-2bf89fd2a67b,naive,93696,565.6312866210938,32.7939453125,ok
GPU-41051861-72ca-e198-fd60-2bf89fd2a67b,naive,94208,635.3795776367188,33.15234375,ok
