elapsed_s,raw_nvidia_smi,query_error
0.08204174041748047,"2026/09/21 11:22:18.078, GPU-41051861-72ca-e198-fd60-2bf89fd2a67b, 2527, 13801, 72, 574.92, 575.00, 100",
5.080716133117676,"2026/09/21 11:22:23.076, GPU-41051861-72ca-e198-fd60-2bf89fd2a67b, 2557, 13801, 72, 574.79, 575.00, 99",
10.076131582260132,"2026/09/21 11:22:28.071, GPU-41051861-72ca-e198-fd60-2bf89fd2a67b, 2565, 13801, 72, 575.38, 575.00, 100",
15.063981771469116,"2026/09/21 11:22:33.061, GPU-41051861-72ca-e198-fd60-2bf89fd2a67b, 2535, 13801, 72, 575.02, 575.00, 100",
20.072898864746094,"2026/09/21 11:22:38.068, GPU-41051861-72ca-e198-fd60-2bf89fd2a67b, 2535, 13801, 72, 575.31, 575.00, 100",
25.066574811935425,"2026/09/21 11:22:43.063, GPU-41051861-72ca-e198-fd60-2bf89fd2a67b, 2557, 13801, 72, 575.59, 575.00, 100",
30.07725691795349,"2026/09/21 11:22:48.073, GPU-41051861-72ca-e198-fd60-2bf89fd2a67b, 2542, 13801, 73, 574.81, 575.00, 100",
35.07407784461975,"2026/09/21 11:22:53.069, GPU-41051861-72ca-e198-fd60-2bf89fd2a67b, 2565, 13801, 72, 575.42, 575.00, 100",
40.084444999694824,"2026/09/21 11:22:58.080, GPU-41051861-72ca-e198-fd60-2bf89fd2a67b, 2527, 13801, 72, 575.03, 575.00, 100",
45.07777142524719,"2026/09/21 11:23:03.074, GPU-41051861-72ca-e198-fd60-2bf89fd2a67b, 2535, 13801, 72, 574.92, 575.00, 100",
50.083669900894165,"2026/09/21 11:23:08.078, GPU-41051861-72ca-e198-fd60-2bf89fd2a67b, 2535, 13801, 72, 574.99, 575.00, 100",
55.082104206085205,"2026/09/21 11:23:13.077, GPU-41051861-72ca-e198-fd60-2bf89fd2a67b, 2535, 13801, 72, 574.95, 575.00, 100",
60.082409381866455,"2026/09/21 11:23:18.077, GPU-41051861-72ca-e198-fd60-2bf89fd2a67b, 2535, 13801, 73, 575.09, 575.00, 100",
65.07445120811462,"2026/09/21 11:23:23.070, GPU-41051861-72ca-e198-fd60-2bf89fd2a67b, 2535, 13801, 72, 574.92, 575.00, 100",
70.0852735042572,"2026/09/21 11:23:28.080, GPU-41051861-72ca-e198-fd60-2bf89fd2a67b, 2535, 13801, 72, 575.06, 575.00, 100",
75.07049608230591,"2026/09/21 11:23:33.066, GPU-41051861-72ca-e198-fd60-2bf89fd2a67b, 2535, 13801, 72, 575.11, 575.00, 100",
80.0828959941864,"2026/09/21 11:23:38.078, GPU-41051861-72ca-e198-fd60-2bf89fd2a67b, 2535, 13801, 72, 574.98, 575.00, 100",
85.0787947177887,"2026/09/21 11:23:43.074, GPU-41051861-72ca-e198-fd60-2bf89fd2a67b, 2535, 13801, 72, 574.90, 575.00, 100",
90.07551431655884,"2026/09/21 11:23:48.071, GPU-41051861-72ca-e198-fd60-2bf89fd2a67b, 2535, 13801, 72, 575.02, 575.00, 100",
95.06729030609131,"2026/09/21 11:23:53.063, GPU-41051861-72ca-e198-fd60-2bf89fd2a67b, 2527, 13801, 73, 574.94, 575.00, 100",
100.06668305397034,"2026/09/21 11:23:58.063, GPU-41051861-72ca-e198-fd60-2bf89fd2a67b, 2535, 13801, 72, 575.27, 575.00, 100",
105.07729601860046,"2026/09/21 11:24:03.073, GPU-41051861-72ca-e198-fd60-2bf89fd2a67b, 2535, 13801, 72, 575.01, 575.00, 100",
110.08644914627075,"2026/09/21 11:24:08.082, GPU-41051861-72ca-e198-fd60-2bf89fd2a67b, 2535, 13801, 72, 575.02, 575.00, 100",
115.07139563560486,"2026/09/21 11:24:13.067, GPU-41051861-72ca-e198-fd60-2bf89fd2a67b, 2542, 13801, 73, 574.62, 575.00, 100",
120.06480836868286,"2026/09/21 11:24:18.060, GPU-41051861-72ca-e198-fd60-2bf89fd2a67b, 2535, 13801, 72, 574.91, 575.00, 100",
125.0801260471344,"2026/09/21 11:24:23.075, GPU-41051861-72ca-e198-fd60-2bf89fd2a67b, 2482, 13801, 72, 575.16, 575.00, 97",
130.0660674571991,"2026/09/21 11:24:28.063, GPU-41051861-72ca-e198-fd60-2bf89fd2a67b, 2557, 13801, 73, 574.78, 575.00, 98",
135.0750801563263,"2026/09/21 11:24:33.071, GPU-41051861-72ca-e198-fd60-2bf89fd2a67b, 2445, 13801, 73, 575.04, 575.00, 99",
140.07524919509888,"2026/09/21 11:24:38.071, GPU-41051861-72ca-e198-fd60-2bf89fd2a67b, 2452, 13801, 73, 575.12, 575.00, 99",
145.07856106758118,"2026/09/21 11:24:43.073, GPU-41051861-72ca-e198-fd60-2bf89fd2a67b, 2445, 13801, 73, 574.96, 575.00, 99",
150.07600331306458,"2026/09/21 11:24:48.072, GPU-41051861-72ca-e198-fd60-2bf89fd2a67b, 2445, 13801, 73, 574.98, 575.00, 99",
155.06997799873352,"2026/09/21 11:24:53.066, GPU-41051861-72ca-e198-fd60-2bf89fd2a67b, 2452, 13801, 73, 574.73, 575.00, 98",
160.06696271896362,"2026/09/21 11:24:58.062, GPU-41051861-72ca-e198-fd60-2bf89fd2a67b, 2460, 13801, 73, 574.89, 575.00, 98",
165.078138589859,"2026/09/21 11:25:03.074, GPU-41051861-72ca-e198-fd60-2bf89fd2a67b, 2452, 13801, 73, 575.13, 575.00, 98",
170.06359219551086,"2026/09/21 11:25:08.060, GPU-41051861-72ca-e198-fd60-2bf89fd2a67b, 2460, 13801, 73, 574.71, 575.00, 98",
175.0716896057129,"2026/09/21 11:25:13.066, GPU-41051861-72ca-e198-fd60-2bf89fd2a67b, 2445, 13801, 73, 575.09, 575.00, 98",
180.06397414207458,"2026/09/21 11:25:18.059, GPU-41051861-72ca-e198-fd60-2bf89fd2a67b, 2452, 13801, 73, 575.02, 575.00, 98",
185.07469129562378,"2026/09/21 11:25:23.069, GPU-41051861-72ca-e198-fd60-2bf89fd2a67b, 2445, 13801, 73, 574.83, 575.00, 98",
190.06864500045776,"2026/09/21 11:25:28.064, GPU-41051861-72ca-e198-fd60-2bf89fd2a67b, 2452, 13801, 73, 574.83, 575.00, 98",
195.07979702949524,"2026/09/21 11:25:33.075, GPU-41051861-72ca-e198-fd60-2bf89fd2a67b, 2445, 13801, 73, 575.06, 575.00, 99",
200.06708478927612,"2026/09/21 11:25:38.062, GPU-41051861-72ca-e198-fd60-2bf89fd2a67b, 2452, 13801, 73, 574.91, 575.00, 99",
205.07894039154053,"2026/09/21 11:25:43.074, GPU-41051861-72ca-e198-fd60-2bf89fd2a67b, 2467, 13801, 73, 575.33, 575.00, 99",
210.07543277740479,"2026/09/21 11:25:48.071, GPU-41051861-72ca-e198-fd60-2bf89fd2a67b, 2445, 13801, 73, 574.93, 575.00, 99",
215.0675241947174,"2026/09/21 11:25:53.063, GPU-41051861-72ca-e198-fd60-2bf89fd2a67b, 2452, 13801, 73, 574.68, 575.00, 98",
220.0740611553192,"2026/09/21 11:25:58.070, GPU-41051861-72ca-e198-fd60-2bf89fd2a67b, 2452, 13801, 73, 575.04, 575.00, 98",
225.07233929634094,"2026/09/21 11:26:03.067, GPU-41051861-72ca-e198-fd60-2bf89fd2a67b, 2452, 13801, 73, 574.94, 575.00, 99",
230.08050870895386,"2026/09/21 11:26:08.075, GPU-41051861-72ca-e198-fd60-2bf89fd2a67b, 2452, 13801, 73, 574.69, 575.00, 99",
235.06395506858826,"2026/09/21 11:26:13.060, GPU-41051861-72ca-e198-fd60-2bf89fd2a67b, 2452, 13801, 73, 575.15, 575.00, 98",
240.07471680641174,"2026/09/21 11:26:18.070, GPU-41051861-72ca-e198-fd60-2bf89fd2a67b, 2467, 13801, 73, 575.45, 575.00, 98",
245.06947207450867,"2026/09/21 11:26:23.065, GPU-41051861-72ca-e198-fd60-2bf89fd2a67b, 2452, 13801, 73, 574.96, 575.00, 99",
250.06697487831116,"2026/09/21 11:26:28.063, GPU-41051861-72ca-e198-fd60-2bf89fd2a67b, 2445, 13801, 73, 575.12, 575.00, 99",
255.0632791519165,"2026/09/21 11:26:33.058, GPU-41051861-72ca-e198-fd60-2bf89fd2a67b, 2445, 13801, 73, 575.12, 575.00, 99",
260.06972765922546,"2026/09/21 11:26:38.065, GPU-41051861-72ca-e198-fd60-2bf89fd2a67b, 2452, 13801, 73, 575.07, 575.00, 99",
265.08037853240967,"2026/09/21 11:26:43.076, GPU-41051861-72ca-e198-fd60-2bf89fd2a67b, 2445, 13801, 73, 575.11, 575.00, 99",
270.07692646980286,"2026/09/21 11:26:48.072, GPU-41051861-72ca-e198-fd60-2bf89fd2a67b, 2452, 13801, 73, 574.76, 575.00, 99",
275.07194662094116,"2026/09/21 11:26:53.067, GPU-41051861-72ca-e198-fd60-2bf89fd2a67b, 2452, 13801, 73, 575.00, 575.00, 99",
280.07453417778015,"2026/09/21 11:26:58.070, GPU-41051861-72ca-e198-fd60-2bf89fd2a67b, 2452, 13801, 73, 574.93, 575.00, 99",
285.071085691452,"2026/09/21 11:27:03.065, GPU-41051861-72ca-e198-fd60-2bf89fd2a67b, 2452, 13801, 73, 574.96, 575.00, 98",
290.0658690929413,"2026/09/21 11:27:08.061, GPU-41051861-72ca-e198-fd60-2bf89fd2a67b, 2467, 13801, 73, 575.48, 575.00, 99",
295.0723512172699,"2026/09/21 11:27:13.067, GPU-41051861-72ca-e198-fd60-2bf89fd2a67b, 2445, 13801, 73, 574.88, 575.00, 99",
300.070383310318,"2026/09/21 11:27:18.065, GPU-41051861-72ca-e198-fd60-2bf89fd2a67b, 2467, 13801, 73, 574.89, 575.00, 99",
305.08444571495056,"2026/09/21 11:27:23.079, GPU-41051861-72ca-e198-fd60-2bf89fd2a67b, 2445, 13801, 73, 575.04, 575.00, 99",
310.07871651649475,"2026/09/21 11:27:28.074, GPU-41051861-72ca-e198-fd60-2bf89fd2a67b, 2445, 13801, 73, 574.92, 575.00, 99",
315.0691065788269,"2026/09/21 11:27:33.065, GPU-41051861-72ca-e198-fd60-2bf89fd2a67b, 2445, 13801, 73, 575.19, 575.00, 99",
320.08101439476013,"2026/09/21 11:27:38.076, GPU-41051861-72ca-e198-fd60-2bf89fd2a67b, 2445, 13801, 73, 574.92, 575.00, 99",
325.07734203338623,"2026/09/21 11:27:43.072, GPU-41051861-72ca-e198-fd60-2bf89fd2a67b, 2445, 13801, 73, 575.18, 575.00, 99",
330.07301139831543,"2026/09/21 11:27:48.069, GPU-41051861-72ca-e198-fd60-2bf89fd2a67b, 2445, 13801, 73, 575.16, 575.00, 99",
335.07178258895874,"2026/09/21 11:27:53.066, GPU-41051861-72ca-e198-fd60-2bf89fd2a67b, 2452, 13801, 73, 574.82, 575.00, 99",
340.0648584365845,"2026/09/21 11:27:58.061, GPU-41051861-72ca-e198-fd60-2bf89fd2a67b, 2445, 13801, 73, 574.73, 575.00, 99",
345.0702407360077,"2026/09/21 11:28:03.066, GPU-41051861-72ca-e198-fd60-2bf89fd2a67b, 2445, 13801, 72, 575.10, 575.00, 99",
350.07756209373474,"2026/09/21 11:28:08.073, GPU-41051861-72ca-e198-fd60-2bf89fd2a67b, 2452, 13801, 73, 574.78, 575.00, 98",
355.0700149536133,"2026/09/21 11:28:13.064, GPU-41051861-72ca-e198-fd60-2bf89fd2a67b, 2445, 13801, 73, 574.99, 575.00, 99",
360.0656268596649,"2026/09/21 11:28:18.061, GPU-41051861-72ca-e198-fd60-2bf89fd2a67b, 2452, 13801, 73, 574.89, 575.00, 99",
365.07956075668335,"2026/09/21 11:28:23.075, GPU-41051861-72ca-e198-fd60-2bf89fd2a67b, 2452, 13801, 73, 575.17, 575.00, 99",
370.0607612133026,"2026/09/21 11:28:28.057, GPU-41051861-72ca-e198-fd60-2bf89fd2a67b, 2460, 13801, 73, 575.02, 575.00, 99",
375.0721085071564,"2026/09/21 11:28:33.067, GPU-41051861-72ca-e198-fd60-2bf89fd2a67b, 2445, 13801, 73, 575.72, 575.00, 99",
380.0732526779175,"2026/09/21 11:28:38.069, GPU-41051861-72ca-e198-fd60-2bf89fd2a67b, 2452, 13801, 73, 575.02, 575.00, 99",
385.0724472999573,"2026/09/21 11:28:43.067, GPU-41051861-72ca-e198-fd60-2bf89fd2a67b, 2445, 13801, 73, 575.07, 575.00, 99",
390.0708384513855,"2026/09/21 11:28:48.066, GPU-41051861-72ca-e198-fd60-2bf89fd2a67b, 2452, 13801, 73, 574.94, 575.00, 99",
395.08052229881287,"2026/09/21 11:28:53.074, GPU-41051861-72ca-e198-fd60-2bf89fd2a67b, 2452, 13801, 73, 574.86, 575.00, 99",
400.0610318183899,"2026/09/21 11:28:58.057, GPU-41051861-72ca-e198-fd60-2bf89fd2a67b, 2467, 13801, 73, 575.02, 575.00, 98",
405.074093580246,"2026/09/21 11:29:03.069, GPU-41051861-72ca-e198-fd60-2bf89fd2a67b, 2452, 13801, 73, 575.19, 575.00, 99",
410.0782525539398,"2026/09/21 11:29:08.073, GPU-41051861-72ca-e198-fd60-2bf89fd2a67b, 2467, 13801, 73, 574.96, 575.00, 99",
415.0719883441925,"2026/09/21 11:29:13.066, GPU-41051861-72ca-e198-fd60-2bf89fd2a67b, 2452, 13801, 73, 575.11, 575.00, 99",
420.07864141464233,"2026/09/21 11:29:18.074, GPU-41051861-72ca-e198-fd60-2bf89fd2a67b, 2445, 13801, 73, 574.96, 575.00, 99",
425.0794653892517,"2026/09/21 11:29:23.075, GPU-41051861-72ca-e198-fd60-2bf89fd2a67b, 2452, 13801, 73, 574.82, 575.00, 99",
430.0743911266327,"2026/09/21 11:29:28.069, GPU-41051861-72ca-e198-fd60-2bf89fd2a67b, 2460, 13801, 72, 575.07, 575.00, 99",
435.0751955509186,"2026/09/21 11:29:33.071, GPU-41051861-72ca-e198-fd60-2bf89fd2a67b, 2437, 13801, 73, 575.26, 575.00, 99",
440.07761812210083,"2026/09/21 11:29:38.073, GPU-41051861-72ca-e198-fd60-2bf89fd2a67b, 2445, 13801, 73, 574.84, 575.00, 99",
445.0685248374939,"2026/09/21 11:29:43.063, GPU-41051861-72ca-e198-fd60-2bf89fd2a67b, 2445, 13801, 73, 575.08, 575.00, 99",
450.08015275001526,"2026/09/21 11:29:48.075, GPU-41051861-72ca-e198-fd60-2bf89fd2a67b, 2445, 13801, 73, 575.02, 575.00, 99",
455.0733025074005,"2026/09/21 11:29:53.069, GPU-41051861-72ca-e198-fd60-2bf89fd2a67b, 2445, 13801, 73, 575.04, 575.00, 99",
460.06958770751953,"2026/09/21 11:29:58.064, GPU-41051861-72ca-e198-fd60-2bf89fd2a67b, 2452, 13801, 73, 574.80, 575.00, 99",
465.0672709941864,"2026/09/21 11:30:03.063, GPU-41051861-72ca-e198-fd60-2bf89fd2a67b, 2445, 13801, 73, 575.66, 575.00, 99",
470.0609755516052,"2026/09/21 11:30:08.055, GPU-41051861-72ca-e198-fd60-2bf89fd2a67b, 2550, 13801, 73, 574.99, 575.00, 99",
475.0808644294739,"2026/09/21 11:30:13.076, GPU-41051861-72ca-e198-fd60-2bf89fd2a67b, 2445, 13801, 73, 574.84, 575.00, 98",
480.07551980018616,"2026/09/21 11:30:18.071, GPU-41051861-72ca-e198-fd60-2bf89fd2a67b, 2452, 13801, 73, 574.80, 575.00, 99",
485.0720899105072,"2026/09/21 11:30:23.068, GPU-41051861-72ca-e198-fd60-2bf89fd2a67b, 2445, 13801, 73, 575.01, 575.00, 99",
490.07167053222656,"2026/09/21 11:30:28.066, GPU-41051861-72ca-e198-fd60-2bf89fd2a67b, 2445, 13801, 73, 575.01, 575.00, 98",
495.0806694030762,"2026/09/21 11:30:33.076, GPU-41051861-72ca-e198-fd60-2bf89fd2a67b, 2445, 13801, 73, 575.14, 575.00, 98",
500.07536220550537,"2026/09/21 11:30:38.071, GPU-41051861-72ca-e198-fd60-2bf89fd2a67b, 2452, 13801, 73, 574.93, 575.00, 99",
505.07300186157227,"2026/09/21 11:30:43.069, GPU-41051861-72ca-e198-fd60-2bf89fd2a67b, 2445, 13801, 73, 574.95, 575.00, 99",
510.07118821144104,"2026/09/21 11:30:48.068, GPU-41051861-72ca-e198-fd60-2bf89fd2a67b, 2445, 13801, 73, 575.22, 575.00, 99",
515.070680141449,"2026/09/21 11:30:53.065, GPU-41051861-72ca-e198-fd60-2bf89fd2a67b, 2452, 13801, 73, 574.92, 575.00, 99",
520.0688278675079,"2026/09/21 11:30:58.064, GPU-41051861-72ca-e198-fd60-2bf89fd2a67b, 2445, 13801, 73, 574.98, 575.00, 99",
525.0644657611847,"2026/09/21 11:31:03.060, GPU-41051861-72ca-e198-fd60-2bf89fd2a67b, 2437, 13801, 73, 574.81, 575.00, 99",
530.0788371562958,"2026/09/21 11:31:08.074, GPU-41051861-72ca-e198-fd60-2bf89fd2a67b, 2452, 13801, 73, 574.78, 575.00, 98",
535.0759384632111,"2026/09/21 11:31:13.070, GPU-41051861-72ca-e198-fd60-2bf89fd2a67b, 2452, 13801, 73, 575.07, 575.00, 99",
540.0722379684448,"2026/09/21 11:31:18.068, GPU-41051861-72ca-e198-fd60-2bf89fd2a67b, 2452, 13801, 73, 574.97, 575.00, 99",
545.0730392932892,"2026/09/21 11:31:23.069, GPU-41051861-72ca-e198-fd60-2bf89fd2a67b, 2445, 13801, 73, 575.08, 575.00, 99",
550.0682666301727,"2026/09/21 11:31:28.064, GPU-41051861-72ca-e198-fd60-2bf89fd2a67b, 2452, 13801, 73, 574.92, 575.00, 98",
555.0700535774231,"2026/09/21 11:31:33.066, GPU-41051861-72ca-e198-fd60-2bf89fd2a67b, 2452, 13801, 73, 574.98, 575.00, 99",
560.077889919281,"2026/09/21 11:31:38.073, GPU-41051861-72ca-e198-fd60-2bf89fd2a67b, 2445, 13801, 73, 575.04, 575.00, 99",
565.0790116786957,"2026/09/21 11:31:43.074, GPU-41051861-72ca-e198-fd60-2bf89fd2a67b, 2587, 13801, 73, 562.58, 575.00, 99",
570.0701861381531,"2026/09/21 11:31:48.065, GPU-41051861-72ca-e198-fd60-2bf89fd2a67b, 2445, 13801, 73, 575.19, 575.00, 99",
575.0673801898956,"2026/09/21 11:31:53.063, GPU-41051861-72ca-e198-fd60-2bf89fd2a67b, 2452, 13801, 73, 574.63, 575.00, 98",
580.0648038387299,"2026/09/21 11:31:58.061, GPU-41051861-72ca-e198-fd60-2bf89fd2a67b, 2452, 13801, 73, 574.56, 575.00, 99",
585.0821077823639,"2026/09/21 11:32:03.077, GPU-41051861-72ca-e198-fd60-2bf89fd2a67b, 2445, 13801, 73, 575.06, 575.00, 99",
590.0709369182587,"2026/09/21 11:32:08.066, GPU-41051861-72ca-e198-fd60-2bf89fd2a67b, 2467, 13801, 73, 574.95, 575.00, 99",
595.0768234729767,"2026/09/21 11:32:13.072, GPU-41051861-72ca-e198-fd60-2bf89fd2a67b, 2452, 13801, 73, 574.96, 575.00, 99",
600.0768644809723,"2026/09/21 11:32:18.072, GPU-41051861-72ca-e198-fd60-2bf89fd2a67b, 2445, 13801, 73, 574.70, 575.00, 98",
605.0695705413818,"2026/09/21 11:32:23.064, GPU-41051861-72ca-e198-fd60-2bf89fd2a67b, 2452, 13801, 73, 574.75, 575.00, 99",
610.0652391910553,"2026/09/21 11:32:28.061, GPU-41051861-72ca-e198-fd60-2bf89fd2a67b, 2460, 13801, 72, 574.28, 575.00, 97",
615.0780143737793,"2026/09/21 11:32:33.074, GPU-41051861-72ca-e198-fd60-2bf89fd2a67b, 2452, 13801, 73, 575.14, 575.00, 99",
620.0770001411438,"2026/09/21 11:32:38.072, GPU-41051861-72ca-e198-fd60-2bf89fd2a67b, 2445, 13801, 73, 575.23, 575.00, 99",
625.0700511932373,"2026/09/21 11:32:43.065, GPU-41051861-72ca-e198-fd60-2bf89fd2a67b, 2452, 13801, 73, 574.92, 575.00, 99",
630.0712265968323,"2026/09/21 11:32:48.067, GPU-41051861-72ca-e198-fd60-2bf89fd2a67b, 2437, 13801, 73, 574.70, 575.00, 99",
635.0826761722565,"2026/09/21 11:32:53.077, GPU-41051861-72ca-e198-fd60-2bf89fd2a67b, 2452, 13801, 73, 575.07, 575.00, 99",
640.0642812252045,"2026/09/21 11:32:58.060, GPU-41051861-72ca-e198-fd60-2bf89fd2a67b, 2452, 13801, 73, 574.87, 575.00, 98",
645.0814597606659,"2026/09/21 11:33:03.077, GPU-41051861-72ca-e198-fd60-2bf89fd2a67b, 2445, 13801, 73, 575.18, 575.00, 99",
650.0632617473602,"2026/09/21 11:33:08.058, GPU-41051861-72ca-e198-fd60-2bf89fd2a67b, 2445, 13801, 73, 574.97, 575.00, 99",
655.0712130069733,"2026/09/21 11:33:13.066, GPU-41051861-72ca-e198-fd60-2bf89fd2a67b, 2445, 13801, 73, 574.74, 575.00, 99",
660.063084602356,"2026/09/21 11:33:18.060, GPU-41051861-72ca-e198-fd60-2bf89fd2a67b, 2445, 13801, 73, 574.99, 575.00, 99",
665.078720331192,"2026/09/21 11:33:23.073, GPU-41051861-72ca-e198-fd60-2bf89fd2a67b, 2452, 13801, 73, 574.82, 575.00, 99",
670.0770900249481,"2026/09/21 11:33:28.071, GPU-41051861-72ca-e198-fd60-2bf89fd2a67b, 2460, 13801, 73, 574.98, 575.00, 99",
675.0661151409149,"2026/09/21 11:33:33.063, GPU-41051861-72ca-e198-fd60-2bf89fd2a67b, 2445, 13801, 73, 575.34, 575.00, 99",
680.0739388465881,"2026/09/21 11:33:38.070, GPU-41051861-72ca-e198-fd60-2bf89fd2a67b, 2445, 13801, 73, 574.80, 575.00, 99",
685.0709357261658,"2026/09/21 11:33:43.066, GPU-41051861-72ca-e198-fd60-2bf89fd2a67b, 2460, 13801, 73, 575.22, 575.00, 99",
690.0665037631989,"2026/09/21 11:33:48.062, GPU-41051861-72ca-e198-fd60-2bf89fd2a67b, 2452, 13801, 73, 575.02, 575.00, 99",
695.0787827968597,"2026/09/21 11:33:53.073, GPU-41051861-72ca-e198-fd60-2bf89fd2a67b, 2460, 13801, 73, 575.09, 575.00, 99",
700.0715537071228,"2026/09/21 11:33:58.067, GPU-41051861-72ca-e198-fd60-2bf89fd2a67b, 2452, 13801, 73, 575.03, 575.00, 98",
705.0696301460266,"2026/09/21 11:34:03.064, GPU-41051861-72ca-e198-fd60-2bf89fd2a67b, 2445, 13801, 73, 575.28, 575.00, 99",
710.0747299194336,"2026/09/21 11:34:08.070, GPU-41051861-72ca-e198-fd60-2bf89fd2a67b, 2467, 13801, 72, 573.34, 575.00, 98",
715.0795936584473,"2026/09/21 11:34:13.073, GPU-41051861-72ca-e198-fd60-2bf89fd2a67b, 2520, 13801, 73, 575.58, 575.00, 99",
720.0730636119843,"2026/09/21 11:34:18.068, GPU-41051861-72ca-e198-fd60-2bf89fd2a67b, 2445, 13801, 73, 574.87, 575.00, 99",
725.0687823295593,"2026/09/21 11:34:23.063, GPU-41051861-72ca-e198-fd60-2bf89fd2a67b, 2445, 13801, 73, 575.06, 575.00, 99",
730.069185256958,"2026/09/21 11:34:28.064, GPU-41051861-72ca-e198-fd60-2bf89fd2a67b, 2452, 13801, 73, 574.95, 575.00, 99",
735.0652475357056,"2026/09/21 11:34:33.061, GPU-41051861-72ca-e198-fd60-2bf89fd2a67b, 2445, 13801, 73, 575.29, 575.00, 99",
740.0717391967773,"2026/09/21 11:34:38.066, GPU-41051861-72ca-e198-fd60-2bf89fd2a67b, 2452, 13801, 73, 574.82, 575.00, 99",
745.0700571537018,"2026/09/21 11:34:43.064, GPU-41051861-72ca-e198-fd60-2bf89fd2a67b, 2445, 13801, 73, 575.10, 575.00, 99",
750.0790140628815,"2026/09/21 11:34:48.075, GPU-41051861-72ca-e198-fd60-2bf89fd2a67b, 2445, 13801, 73, 575.02, 575.00, 99",
755.0763363838196,"2026/09/21 11:34:53.072, GPU-41051861-72ca-e198-fd60-2bf89fd2a67b, 2452, 13801, 73, 577.28, 575.00, 99",
760.0765113830566,"2026/09/21 11:34:58.071, GPU-41051861-72ca-e198-fd60-2bf89fd2a67b, 2460, 13801, 73, 575.04, 575.00, 99",
765.0759539604187,"2026/09/21 11:35:03.070, GPU-41051861-72ca-e198-fd60-2bf89fd2a67b, 2445, 13801, 73, 575.64, 575.00, 99",
770.0695042610168,"2026/09/21 11:35:08.065, GPU-41051861-72ca-e198-fd60-2bf89fd2a67b, 2445, 13801, 73, 574.80, 575.00, 99",
775.0691990852356,"2026/09/21 11:35:13.064, GPU-41051861-72ca-e198-fd60-2bf89fd2a67b, 2460, 13801, 73, 576.57, 575.00, 99",
780.0744545459747,"2026/09/21 11:35:18.070, GPU-41051861-72ca-e198-fd60-2bf89fd2a67b, 2512, 13801, 73, 574.84, 575.00, 99",
785.0695362091064,"2026/09/21 11:35:23.064, GPU-41051861-72ca-e198-fd60-2bf89fd2a67b, 2520, 13801, 73, 574.26, 575.00, 99",
790.0773813724518,"2026/09/21 11:35:28.072, GPU-41051861-72ca-e198-fd60-2bf89fd2a67b, 2452, 13801, 73, 575.07, 575.00, 98",
795.0750253200531,"2026/09/21 11:35:33.070, GPU-41051861-72ca-e198-fd60-2bf89fd2a67b, 2452, 13801, 73, 575.08, 575.00, 99",
800.0706973075867,"2026/09/21 11:35:38.066, GPU-41051861-72ca-e198-fd60-2bf89fd2a67b, 2445, 13801, 73, 574.90, 575.00, 99",
805.0807905197144,"2026/09/21 11:35:43.075, GPU-41051861-72ca-e198-fd60-2bf89fd2a67b, 2452, 13801, 73, 575.06, 575.00, 99",
810.0763540267944,"2026/09/21 11:35:48.071, GPU-41051861-72ca-e198-fd60-2bf89fd2a67b, 2452, 13801, 73, 575.01, 575.00, 99",
815.0703835487366,"2026/09/21 11:35:53.065, GPU-41051861-72ca-e198-fd60-2bf89fd2a67b, 2550, 13801, 73, 574.30, 575.00, 99",
820.0762059688568,"2026/09/21 11:35:58.071, GPU-41051861-72ca-e198-fd60-2bf89fd2a67b, 2445, 13801, 73, 575.07, 575.00, 99",
825.067503452301,"2026/09/21 11:36:03.062, GPU-41051861-72ca-e198-fd60-2bf89fd2a67b, 2445, 13801, 73, 577.36, 575.00, 99",
830.0763490200043,"2026/09/21 11:36:08.071, GPU-41051861-72ca-e198-fd60-2bf89fd2a67b, 2452, 13801, 73, 575.96, 575.00, 99",
835.0716757774353,"2026/09/21 11:36:13.067, GPU-41051861-72ca-e198-fd60-2bf89fd2a67b, 2460, 13801, 73, 575.06, 575.00, 99",
840.0651845932007,"2026/09/21 11:36:18.061, GPU-41051861-72ca-e198-fd60-2bf89fd2a67b, 2445, 13801, 73, 575.09, 575.00, 99",
845.0709049701691,"2026/09/21 11:36:23.066, GPU-41051861-72ca-e198-fd60-2bf89fd2a67b, 2445, 13801, 73, 574.76, 575.00, 98",
850.0702121257782,"2026/09/21 11:36:28.066, GPU-41051861-72ca-e198-fd60-2bf89fd2a67b, 2445, 13801, 73, 575.06, 575.00, 99",
855.0833141803741,"2026/09/21 11:36:33.079, GPU-41051861-72ca-e198-fd60-2bf89fd2a67b, 2445, 13801, 73, 574.97, 575.00, 99",
860.0667514801025,"2026/09/21 11:36:38.063, GPU-41051861-72ca-e198-fd60-2bf89fd2a67b, 2445, 13801, 73, 575.09, 575.00, 99",
865.086501121521,"2026/09/21 11:36:43.081, GPU-41051861-72ca-e198-fd60-2bf89fd2a67b, 2460, 13801, 73, 577.38, 575.00, 99",
870.0822026729584,"2026/09/21 11:36:48.077, GPU-41051861-72ca-e198-fd60-2bf89fd2a67b, 2565, 13801, 73, 573.51, 575.00, 98",
875.0767464637756,"2026/09/21 11:36:53.070, GPU-41051861-72ca-e198-fd60-2bf89fd2a67b, 2512, 13801, 73, 576.09, 575.00, 99",
880.0698745250702,"2026/09/21 11:36:58.064, GPU-41051861-72ca-e198-fd60-2bf89fd2a67b, 2452, 13801, 73, 574.55, 575.00, 98",
885.0770409107208,"2026/09/21 11:37:03.072, GPU-41051861-72ca-e198-fd60-2bf89fd2a67b, 2482, 13801, 73, 576.65, 575.00, 99",
890.0690288543701,"2026/09/21 11:37:08.062, GPU-41051861-72ca-e198-fd60-2bf89fd2a67b, 2497, 13801, 73, 574.99, 575.00, 99",
895.0790293216705,"2026/09/21 11:37:13.075, GPU-41051861-72ca-e198-fd60-2bf89fd2a67b, 2452, 13801, 73, 575.18, 575.00, 99",
900.0793731212616,"2026/09/21 11:37:18.075, GPU-41051861-72ca-e198-fd60-2bf89fd2a67b, 2445, 13801, 73, 574.74, 575.00, 99",
905.0752859115601,"2026/09/21 11:37:23.070, GPU-41051861-72ca-e198-fd60-2bf89fd2a67b, 2452, 13801, 73, 575.01, 575.00, 99",
910.0576913356781,"2026/09/21 11:37:28.054, GPU-41051861-72ca-e198-fd60-2bf89fd2a67b, 2452, 13801, 73, 575.11, 575.00, 99",
915.0719077587128,"2026/09/21 11:37:33.067, GPU-41051861-72ca-e198-fd60-2bf89fd2a67b, 2452, 13801, 73, 575.14, 575.00, 99",
920.082243680954,"2026/09/21 11:37:38.078, GPU-41051861-72ca-e198-fd60-2bf89fd2a67b, 2452, 13801, 73, 574.86, 575.00, 99",
925.0784220695496,"2026/09/21 11:37:43.074, GPU-41051861-72ca-e198-fd60-2bf89fd2a67b, 2445, 13801, 73, 575.29, 575.00, 99",
930.0782744884491,"2026/09/21 11:37:48.072, GPU-41051861-72ca-e198-fd60-2bf89fd2a67b, 2452, 13801, 73, 574.69, 575.00, 99",
935.0724515914917,"2026/09/21 11:37:53.067, GPU-41051861-72ca-e198-fd60-2bf89fd2a67b, 2460, 13801, 73, 575.12, 575.00, 99",
940.062374830246,"2026/09/21 11:37:58.058, GPU-41051861-72ca-e198-fd60-2bf89fd2a67b, 2452, 13801, 73, 574.98, 575.00, 99",
945.0795543193817,"2026/09/21 11:38:03.075, GPU-41051861-72ca-e198-fd60-2bf89fd2a67b, 2445, 13801, 73, 574.97, 575.00, 99",
950.07683801651,"2026/09/21 11:38:08.073, GPU-41051861-72ca-e198-fd60-2bf89fd2a67b, 2452, 13801, 73, 575.21, 575.00, 99",
955.0878875255585,"2026/09/21 11:38:13.082, GPU-41051861-72ca-e198-fd60-2bf89fd2a67b, 2452, 13801, 73, 575.02, 575.00, 99",
960.077246427536,"2026/09/21 11:38:18.073, GPU-41051861-72ca-e198-fd60-2bf89fd2a67b, 2452, 13801, 73, 575.09, 575.00, 99",
965.0831923484802,"2026/09/21 11:38:23.079, GPU-41051861-72ca-e198-fd60-2bf89fd2a67b, 2452, 13801, 73, 574.78, 575.00, 99",
970.0711758136749,"2026/09/21 11:38:28.067, GPU-41051861-72ca-e198-fd60-2bf89fd2a67b, 2452, 13801, 73, 575.00, 575.00, 99",
975.069079875946,"2026/09/21 11:38:33.064, GPU-41051861-72ca-e198-fd60-2bf89fd2a67b, 2445, 13801, 73, 575.06, 575.00, 99",
980.0817556381226,"2026/09/21 11:38:38.076, GPU-41051861-72ca-e198-fd60-2bf89fd2a67b, 2445, 13801, 73, 574.91, 575.00, 99",
985.0706453323364,"2026/09/21 11:38:43.066, GPU-41051861-72ca-e198-fd60-2bf89fd2a67b, 2445, 13801, 73, 574.88, 575.00, 99",
990.0720012187958,"2026/09/21 11:38:48.068, GPU-41051861-72ca-e198-fd60-2bf89fd2a67b, 2452, 13801, 73, 575.30, 575.00, 99",
995.0687925815582,"2026/09/21 11:38:53.063, GPU-41051861-72ca-e198-fd60-2bf89fd2a67b, 2452, 13801, 73, 574.96, 575.00, 99",
1000.0653285980225,"2026/09/21 11:38:58.061, GPU-41051861-72ca-e198-fd60-2bf89fd2a67b, 2452, 13801, 73, 574.94, 575.00, 99",
1005.0658395290375,"2026/09/21 11:39:03.060, GPU-41051861-72ca-e198-fd60-2bf89fd2a67b, 2452, 13801, 73, 575.23, 575.00, 99",
1010.0769338607788,"2026/09/21 11:39:08.071, GPU-41051861-72ca-e198-fd60-2bf89fd2a67b, 2452, 13801, 73, 575.06, 575.00, 99",
1015.0815863609314,"2026/09/21 11:39:13.077, GPU-41051861-72ca-e198-fd60-2bf89fd2a67b, 2452, 13801, 73, 575.13, 575.00, 99",
1020.0759770870209,"2026/09/21 11:39:18.071, GPU-41051861-72ca-e198-fd60-2bf89fd2a67b, 2445, 13801, 73, 575.00, 575.00, 99",
1025.0810029506683,"2026/09/21 11:39:23.076, GPU-41051861-72ca-e198-fd60-2bf89fd2a67b, 2445, 13801, 73, 575.22, 575.00, 99",
1030.0795838832855,"2026/09/21 11:39:28.074, GPU-41051861-72ca-e198-fd60-2bf89fd2a67b, 2497, 13801, 73, 574.68, 575.00, 98",
1035.0803978443146,"2026/09/21 11:39:33.074, GPU-41051861-72ca-e198-fd60-2bf89fd2a67b, 2460, 13801, 73, 575.05, 575.00, 99",
1040.0719151496887,"2026/09/21 11:39:38.066, GPU-41051861-72ca-e198-fd60-2bf89fd2a67b, 2445, 13801, 73, 575.15, 575.00, 99",
1045.0690569877625,"2026/09/21 11:39:43.063, GPU-41051861-72ca-e198-fd60-2bf89fd2a67b, 2445, 13801, 73, 575.12, 575.00, 99",
1050.0828576087952,"2026/09/21 11:39:48.078, GPU-41051861-72ca-e198-fd60-2bf89fd2a67b, 2452, 13801, 73, 575.22, 575.00, 99",
1055.0637657642365,"2026/09/21 11:39:53.059, GPU-41051861-72ca-e198-fd60-2bf89fd2a67b, 2445, 13801, 73, 574.77, 575.00, 99",
1060.060540676117,"2026/09/21 11:39:58.056, GPU-41051861-72ca-e198-fd60-2bf89fd2a67b, 2460, 13801, 73, 575.45, 575.00, 99",
1065.0724720954895,"2026/09/21 11:40:03.067, GPU-41051861-72ca-e198-fd60-2bf89fd2a67b, 2445, 13801, 73, 575.04, 575.00, 98",
1070.0689027309418,"2026/09/21 11:40:08.063, GPU-41051861-72ca-e198-fd60-2bf89fd2a67b, 2460, 13801, 73, 574.98, 575.00, 98",
1075.0760860443115,"2026/09/21 11:40:13.071, GPU-41051861-72ca-e198-fd60-2bf89fd2a67b, 2452, 13801, 73, 577.10, 575.00, 99",
1080.0763368606567,"2026/09/21 11:40:18.071, GPU-41051861-72ca-e198-fd60-2bf89fd2a67b, 2445, 13801, 73, 575.20, 575.00, 99",
1085.0815846920013,"2026/09/21 11:40:23.077, GPU-41051861-72ca-e198-fd60-2bf89fd2a67b, 2452, 13801, 73, 574.85, 575.00, 99",
1090.0642828941345,"2026/09/21 11:40:28.060, GPU-41051861-72ca-e198-fd60-2bf89fd2a67b, 2452, 13801, 73, 575.00, 575.00, 99",
1095.073518037796,"2026/09/21 11:40:33.068, GPU-41051861-72ca-e198-fd60-2bf89fd2a67b, 2460, 13801, 73, 574.86, 575.00, 98",
1100.0704247951508,"2026/09/21 11:40:38.066, GPU-41051861-72ca-e198-fd60-2bf89fd2a67b, 2445, 13801, 73, 574.71, 575.00, 99",
1105.0681035518646,"2026/09/21 11:40:43.064, GPU-41051861-72ca-e198-fd60-2bf89fd2a67b, 2452, 13801, 73, 575.11, 575.00, 99",
1110.0814328193665,"2026/09/21 11:40:48.076, GPU-41051861-72ca-e198-fd60-2bf89fd2a67b, 2445, 13801, 73, 574.95, 575.00, 98",
1115.0671758651733,"2026/09/21 11:40:53.062, GPU-41051861-72ca-e198-fd60-2bf89fd2a67b, 2452, 13801, 73, 574.91, 575.00, 99",
1120.0681788921356,"2026/09/21 11:40:58.063, GPU-41051861-72ca-e198-fd60-2bf89fd2a67b, 2475, 13801, 73, 575.17, 575.00, 98",
1125.0680108070374,"2026/09/21 11:41:03.064, GPU-41051861-72ca-e198-fd60-2bf89fd2a67b, 2460, 13801, 73, 575.14, 575.00, 99",
1130.0808644294739,"2026/09/21 11:41:08.076, GPU-41051861-72ca-e198-fd60-2bf89fd2a67b, 2452, 13801, 73, 575.06, 575.00, 99",
1135.0887322425842,"2026/09/21 11:41:13.084, GPU-41051861-72ca-e198-fd60-2bf89fd2a67b, 2452, 13801, 73, 575.16, 575.00, 99",
1140.081772327423,"2026/09/21 11:41:18.078, GPU-41051861-72ca-e198-fd60-2bf89fd2a67b, 2452, 13801, 73, 574.90, 575.00, 99",
1145.080353975296,"2026/09/21 11:41:23.076, GPU-41051861-72ca-e198-fd60-2bf89fd2a67b, 2445, 13801, 73, 574.78, 575.00, 99",
1150.062737941742,"2026/09/21 11:41:28.058, GPU-41051861-72ca-e198-fd60-2bf89fd2a67b, 2460, 13801, 73, 575.18, 575.00, 99",
1155.0738668441772,"2026/09/21 11:41:33.068, GPU-41051861-72ca-e198-fd60-2bf89fd2a67b, 2452, 13801, 73, 574.62, 575.00, 98",
1160.074550151825,"2026/09/21 11:41:38.069, GPU-41051861-72ca-e198-fd60-2bf89fd2a67b, 2460, 13801, 73, 574.82, 575.00, 99",
1165.0733613967896,"2026/09/21 11:41:43.068, GPU-41051861-72ca-e198-fd60-2bf89fd2a67b, 2452, 13801, 73, 574.95, 575.00, 99",
1170.0701067447662,"2026/09/21 11:41:48.066, GPU-41051861-72ca-e198-fd60-2bf89fd2a67b, 2445, 13801, 73, 574.96, 575.00, 99",
1175.0741212368011,"2026/09/21 11:41:53.070, GPU-41051861-72ca-e198-fd60-2bf89fd2a67b, 2452, 13801, 73, 574.86, 575.00, 98",
1180.0769035816193,"2026/09/21 11:41:58.072, GPU-41051861-72ca-e198-fd60-2bf89fd2a67b, 2475, 13801, 73, 575.21, 575.00, 98",
1185.0761888027191,"2026/09/21 11:42:03.070, GPU-41051861-72ca-e198-fd60-2bf89fd2a67b, 2460, 13801, 73, 575.07, 575.00, 99",
1190.0798645019531,"2026/09/21 11:42:08.075, GPU-41051861-72ca-e198-fd60-2bf89fd2a67b, 2445, 13801, 73, 575.01, 575.00, 99",
1195.0874965190887,"2026/09/21 11:42:13.082, GPU-41051861-72ca-e198-fd60-2bf89fd2a67b, 2452, 13801, 73, 574.89, 575.00, 99",
1200.0841085910797,"2026/09/21 11:42:18.079, GPU-41051861-72ca-e198-fd60-2bf89fd2a67b, 2452, 13801, 73, 575.08, 575.00, 99",
